idlote,N°,UBICACIÓN,"ALTURA
APROBADA",ALTURA NORMATIVA,EXPEDIENTE,ADMINISTRADO,FECHA APROBACIÓN,APROBADO POR,ESTADO DEL PROYECTO,INTEGRANTES DE COMISION TECNICA,ESTACIONAMIENTOS APROBADOS,ESTADO JUDICIAL,ACCIONES,INFORMACION ADICIONAL,,,
3103012025,1,Ca. Los Pinos N° 553,10 Pisos,7 Pisos,"Antep.: 396075 (05/08/2019)
Proy.: 5967-2021 (19/05/2021)",Inmobiliaria Actual Los Pinos S.A.C.,19/05/21,Revisores Urbanos,Obra finalizada,--,125 estac,"• ANTEPROYECTO: Proceso judicial 2021- ACTA (EXP.  03966-2021-0-1801-JR-CA-07)
Actualizado al 01.12.2025: EN CASACIÓN
-03.12.2024: ELEVADO LOS AUTOS A LA SALA SUPREMA PARA CASACIÓN
-04.11.2024: Rs. 10; ADMITIR el recurso de casación interpuesto contra la Sentencia de Vista del 2.08.224, elevándose los autos al Superior jerárquico.

• PROYECTO: Proceso judicial 2022 - ITF (EXP.  10240-2022-0-1801-JR-CA-16)
Actualizado al 12.12.2025: PARA SENTENCIAR
-10.12.2025: Rs. 18; Dejénse los autos para sentenciar 
-01.12.25: Sala Resolvió continuar con el proceso contencioso administrativo (revocó Sentencia de vista que declaró fundada la excepción de falta de agotamiento de la vía administrativa - octubre del 2025)","CON CONFORMIDAD DE OBRA (RCO N° 15.2024  (12.04.2024)
-Se continúa con el proceso judicial al acta del anteproyecto y al ITF del proyecto.
-Se solicitará a PPM el estado situacional de poceso judicial

• ANTEPROYECTO:
-Nulidad de acta ante la CTP (17.12.2020)
-Se comunico a GDUE para derivar a PPM (INF.  878-2021-SOPRI, DEL 21.05.2021)
Con Proceso Judicial Exp. 03966-2021-0-1801-JR-CA-07

• PROYECTO:
-Solicitud de pronunciamiento al MVCS (06.10.2021).
-Se comunico a GDUE para derivar a PPM (INF. 527-2022-SOPRI).
-MVCS emitió rpta negativa (05.05.2023).
-Con  Proceso Judicial Exp. 10240-2022-0-1801-JR-CA-16",https://drive.google.com/drive/folders/1qxrxe-2s0SPwj3rK9zwwDhXIE789cH9u?usp=share_link,1,,
3110031004,2,Av. General Salaverry N° 3570,27 Pisos,7/8 Pisos,"13553-2021
(11/11/2021)",Catania Inmobiliaria S.A.C.,11/11/21,Revisores Urbanos,Obra finalizada,--,249 estac,"• ANTEPROYECTO: Proceso judicial 2023- ITF (EXP.  12549-2023-0-1801-JR-CA-02)
Actualizado al 04.12.2025: APELADO
-XX.XX.XXXXX: Rs 01 declaró  improcedente la Demanda.                                                
-06.05.2024: Rs. 02;  se concede la apelacion de la rs01.
-17.06.2025: Rs. 03 sobrecartese la Rs 2 al Revisor Urbano y demás especialistas . 

• PROYECTO: Proceso judicial 2023- ITF (EXP.  5145-2023-0-1801-JR-CI-02)
-Jugzado Civil deriva los actuados a la Mesa de Partes de los Juzgados Contenciosos (finaliza proceso)","CON CONFORMIDAD DE OBRA (RCO N° 09.2025  del 04.02.2025)
-Se continua con el proceso judicial a los ITF del anteproyecto y proyecto

ANTEPROYECTO
Con Proceso Judicial Exp.12549-2023-0-1801-JR-CA-02 y Exp. 5145-2023-0-1801-JR-CI-02

PROYECTO
Con proceso judicial Exp. 5145-2023-0-1801-JR-CI-02

03 MODIFICACIONES
Con Solicitud de pronunciamiento al MVCS (21.10.2021)
Sin respuesta",https://drive.google.com/drive/folders/1-I-YfCXakpzHYPU7D1jTB88u36zGfhJF?usp=share_link,2,,
3105004027,3,Av. Arequipa Esquina Con Calle Jose Roman,20 Pisos,7 Pisos,"13543-2020
(13/11/2020)",V y V Proyecto 54 S.A.C.,13/11/20,Revisores Urbanos,Obra finalizada,--,94 estac,"• ANTEPROYECTO: Proceso judicial 2021- ACTA (EXP.  1325-2021-0-1801-JR-CA-06)
Actualizado al 01.12.2025: EN CASACIÓN

• PROYECTO: Proceso judicial 2022 - ITF (EXP 8812-2022-0-1801-JR-CA-17)
Actualizado al 01.12.2025: EN TRÁMITE, deduce nulidad.
-XX.XX.XXXX: se contestó la demanda
","OBRA CONCLUIDA SIN CONFOMIDAD DE OBRA (03 procedimiento improcedentes).
-Se continua con el proceso judicial al acta del anteproyecto y al ITF del proyecto.

• ANTEPROYECTO:
-Apelacion de ACTA ante la CTP (16.01.2020).
-Se comunico a GDUE para derivar a PPM (INF.  171-2020-SOPRI del 25.02.2020).
-Con proceso Judicial Exp. 1325-2021-0-1801-JR-CA-06

• PROYECTO:
-Solicitud de pronunciamiento al MVCS (21.06.2022).
-se comunico a GDUE para derivar a PPM (INF. 497-2022-SOPRI).
-MVCS emitió respuesta negativa (02.07.2024).
-Con Proceso Judicial Exp. 8812-2022-0-1801-JR-CA-17

• MODIFICACIONES: 
- 07 modificaciones a la Licencia de Edificación
En NOV. 25 SOPRI solicita al MVCS nulidad de los  ITF (Pendiente de respuesta del MVCS).
Se comunicó a PPM con Informe N° D01068-2025-SOPRI (29.12.25)",https://drive.google.com/drive/folders/1BUArlbRle2W1t3A2WoYK1jAcyOpYJl_2?usp=share_link,3,,
3101024019,4,Av. Salaverry N° 2675,8 Pisos,8 Pisos,"9490-2022
(08/08/2022)",Pendragón S.A.C.,8/08/22,Revisores Urbanos,Obra finalizada,--,26 estac,"• PROYECTO: Proceso judicial 2025 - ITF (EXP.  22930-2025-0-1801-JR-CA-07 ) del 20.11.2025
Actualizado al 14.01.2026: EN TRÁMITE
-16.12.2025: Subsana inadmisibilidad.
-15.12.2025: No hay información en el CEJ.
-04.12.2025: Rs. 01 del 04.12.2025, declara Inadmisible la Demanda (03 dias para subsanar).","OBRA CONCLUIDA (EN TRÁMITE DE CONFOMIDAD DE OBRA) 

• PROYECTO:
-Aprobación mediante Revisores Urbanos
-Solicitud de pronunciamiento al MVCS (11.10.2022)
-MVCS emitió respuesta negativa (01.07.2024)
-11.11.2025: se comunicó a PPM (INF. D00794-2025-SOPRI)
Con Proceso Judicial Exp. 22930-2025-0-1801-JR-CA-07 (20.11.2025)
al proyecto y a la Modificación

• MODIFICACION: 
- 01 modificación a la Licencia de Edificación 

CONFORMIDAD DE OBRA
Exp. 2025-0036922 del 18.11.25
No Conforme con Carta D002792-SOPRI DEL 29.11.25
",https://drive.google.com/drive/folders/1EtdfrCULNynHK56S7kg95zvFV3Hl88UH?usp=share_link,4,,
3108070029,5,Av. Andrés Aramburú Esq. Av. Pablo Carriquiry,"Av. Aramburú:
1.5 (A+R) = 20P+Az.
Av. Carriquiry:
1.5 (A+R) = 26P+Az.","Av. Aramburú: 1.5 (A+R) = 55.87
Av. Carriquiry: 7 Pisos","6532-2021
(02/06/2021)","ESPINOSA ARQUITECTOS S.A.C.
V y V Proyecto 62 S.A.C.",2/06/21,Revisores Urbanos,Obra finalizada,--,175 estac,"• ANTEPROYECTO 1: Proceso judicial 2022 - ITF (EXP.  5768-2020-0-1801-JR-CA-01)
Actualizado al 16.12.2025:EN TRÁMITE
-12.06.2025: Amplia defensa técnica y solicita lectura 
-16.11.2023: Rs 07 notifíquese a la CTD en la sede de la MSI 
-08.05.2023: Rs. 03, Medida Cautelar rechazada 

• ANTEPROYECTO 2: Proceso judicial 2022 - ITF (EXP.  3930-2021-0-1801-JR-CA-06)
Actualizado al 04.12.2025:EN CASACIÓN
-19.07.2024: MML interpone RECURSO DE CASACIÓN
-02.07.204: Rs. 8, Que resuelve CONFIRMARON la sentencia contenida en la Rs. 8 de fecha 16.11.2023, que declara FUNDADA EN PARTE la demanda; en consecuencia, nula el Acta de Verificación y Dictamen de la Sesión N° 031-2021 de la Sesión N 01 4-2020 de fech a 19.02.2021; ordenando a la Comisión Técnica Provincial para Edificaciones de la Municipalidad Metropolitana de Lima, emitir un nuevo pronunciamiento conforme a los términos expuestos en la presente resolución

• PROYECTO: Proceso judicial 2022 - ITF (EXP.  10238-2022-0-1801-JR-CA-09)
Actualizado al 05.12.2025:
-05.11.2025: Expediente listo para sentenciar
","OBRA CONCLUIDA CON CONFORMIDAD DE OBRA (RCO N° 74.2024 (24.09.2025)
-Con  3 Procesos Judiciales
-Se solicitará a PPM el estado situacional de los procesos judiciales.

• ANTEPROYECTO 1:
-Apelacion de acta ante la CTP. (21.08.2020) desfavorable para la MSI.
- Se comunicó a GDUE para derivar a PPM (INF. 446-2020-SOPRI DEL 22.10.2020)
 ANTEPROYECTO 2:
- Apelacion de acta ante la CTP. (05.01.2021) desfavorable para la MSI.
- Se comunicó a GDUE para derivar a PPM (INF. 877-2021-SOPRI DEL 21.05.2021)
ANTEPROYECTO 3:
-Aprobación mediante Revisores Urbanos
-Enviado al MVC mediante Informe de Revisión N°D000057-2025-12.2.0 SOPRI-GDUE/MSI
 del 24.12.25

• PROYECTO:
-Solicitud de pronunciamiento al MVCS (24.09.2021)
-Se comunicó a GDUE para derivar a PPM (INF. 525-2022-SOPRI)
-Con Proceso Judicial Exp. 10238-2022-0-1801-JR-CA-09
- MVCS emitió respuesta negativa (12.02.2025)

• MODIFICACIONES: 
- 04 modificaciones a la Licencia de Edificación (SOPRI pendiente de envío al MVCS).
MODIFICACION 1:
- Aprobacion previa por Revisores Urbanos
- Se envio al MVCS para pronunciamiento con Informe de Revision N° D000055-2025-12.2.0-SOPRI-GDUE/MSI
MOFIFICACION 2:
- Aprobacion previa por Revisores Urbanos
- Se envio al MVCS para pronunciamiento con Informe de Revision N° D000054-2025-12.2.0-SOPRI-GDUE/MSI
MODIFICACION 3
- Aprobacion previa por Revisores Urbanos
- Se envió al MVCS con oficio 132-2025-SOPRI-GDUE/MSI para dejar sin efecto ITF (10.12.2025)
MODIFICACION 4
- Actualizar Informe de Revisión N°007-2023-npv paa enviar al MVCS
",https://drive.google.com/drive/folders/1fyhf7qOoIhsXb0pTfQAChHCOACZwOi6b?usp=share_link,5,,
3101011009,6,Av. Faustino Sanchez Carrion N 306,26 Pisos,"AV.: 7 Pisos
CA.: 4 Pisos","11070-2021
(15/09/2021)",V y V Proyecto 66 S.A.C.,15/09/21,Revisores Urbanos,Obra finalizada,--,120 estac,"• ANTEPROYECTO: Sin Proceso Judicial

• PROYECTO: Proceso judicial 2022 - ITF (EXP.  16016-2023-0-1801-JR-CA-14)
Actualizado al 12.12.2025:EN TRAMITE 
-09.07.2025: e concede la apelación de la medida cautelar 
-se corrigió la dirección del predio por un error material 

• MODIFICACIÓN DEL PROYECTO: Sin Proceso Judicial","OBRA CONCLUIDA (EN TRÁMITE DE CONFOMIDAD DE OBRA) 
-2023: Se inicio el proceso judicial al ITF del proyecto

• ANTEPROYECTO:
 Aprobado por REVISORES URBANOS.
-Se envio al MVCS Informe de Revisión N°D000058-2025-12.2.0-SOPRI-GDUE/MSI (24.12.2025)
para su pronunciamiento

• PROYECTO:
-Aprobado por REVISORES URBANOS.
-Solicitud de pronunciamiento al MVCS (26.12.2021)
-Se comunicó a GDUE para derivar a PPM (INF. 237-2023-SOPRI)
-MVCS emitio respuesta negativa
-Con Proceso Judicial Exp. 16016-2023-0-1801-JR-CA-14
 
 MODIFICACION DE PROYECTO
-Aprobado por REVISORES URBANOS.

-MVCS emitió respuesta negativa  (12.02.2025)
PENDIENTE: Solicitar información a PPM sobre Proceso Judicial

• MODIFICACIONES: 
- 05 modificaciones a la Licencia de Edificación (aprobados por Revisores Urbanos).
- 14.11.25:  SOPRI solicita al MVCS dejar sin efecto el ITF de 04 modificaciones (01 pendiente).",https://drive.google.com/drive/folders/1P9bxECE5cPbsHy9Y-7BZmNtGOGP-SSLQ?usp=share_link,6,,
3109031018,7,"Av. Jose Gálvez Barrenechea N° 495-497, Esq. Pj 13 Y Ca. Dr. Carlos Enrique Ferreyros Urmeneta",9 Pisos,"AV.: 7 Pisos
CA.: 4 Pisos","15743-2022
(06/12/2022)",Inversiones en Inmuebles Lima S.A.C.,6/12/22,Revisores Urbanos,Obra finalizada,--,66 estac,"SIN PROCESO JUDICIAL 
SOPRI está elaborando Informe para PPM para el inicio de las acciones legales.","OBRA CONCLUIDA CON CONFORMIDAD DE OBRA (RCO N° 72.2025  (22.09.2025)

• PROYECTO:
--APROBADO POR REVISORES URBANOS
-SOLICITUD DE PRONUNCIAMIENTO AL MVCS (30.12..2022)
-MVCS EMITIO RPTA NEGATIVA (11.07.2024)
-Se envio a PPM con Informe N°D873-2025-SOPRI- del 19.11.25
-Con Proceso Judicial Exp.25679-2025

• MODIFICACIONES: 
- 03 MODIFICACIONES A LA LICENCIA DE EDIFICACIÓN (02 aprobados por Revisores Urbanos y 01 por Comisión Técnica)
-1era modificación se envio a MVC con Oficio N°D0146-2025 (22.11.205)
-2da modificación administrado solicito el desestimiento
-3era modificación se envio a PPM con Inf. N° D873-2025 del 19.11.25 y con proceso judicial Exp. 25679-2025
PENDIENTE: INFORME de SOPRI al MVCS para pronunciamiento.
",https://drive.google.com/drive/folders/1H3T4ptAb70wpF1woFxFCFOCL1OcN1moC?usp=share_link,7,,
3104055011,1,Ca. Ernesto Plascencia,5 Pisos,3 Pisos,"10805-2022
(01/09/2022)",Isabel Solórzano Ortiz,1/09/22,Revisores Urbanos,Obra en ejecución,--,2 estac,"• ANTEPROYECTO: Proceso judicial 2021- ACTA (EXP.  7248-2021-0-1801-JR-CA-01)
Actualizado al 11.12.2025:
-20.11.2025: Rs 10, se notifica demanda a los litisconsortes.
-29.11.2024: Rs 1, se admite la demanda.
-01.09.2025: Rs 3, (3° SALA CONTENCIOSA ADMINISTRATIVA): Conceder la medias cautelar se ordena conceder en forma de inscripción la demanda hasta la culminación del proceso principal en su definitiva.

• PROYECTO: Sin Proceso Judicial","OBRA EN EJECUCIÓN 
Obra con avance de ejecución física del XX% 
Pendiente el envío de informe SOPRI a PPM

• ANTEPROYECTO:
-Aprobado por COMISIÓN TÉCNICA
-Apelación al ACTA ante la CTP. (14.06.2021)
-Se comunicó a GDUE para derivar a PPM (INF. 1164-2021-SOPRI del 02.09.2021)

• PROYECTO:
-Aprobado por REVISORES URBANOS
-Solicitud de pronunciamiento al MVCS (30.12.2022)
-MVCS emitio respuesta negativa (14.06.2024)
-SOPRI remite a PPM el INFORME N° 695-2025,solicitando la adopción de acciones legales (20.10.2025)",https://drive.google.com/drive/folders/1qu9zt_UiH-Z3H5pqqegP_MZopKgmZU2J?usp=share_link,8,,
3106021003,2,Av. Paseo de la Republica N°3606 Esq.Calle Chacarilla,"Av. República Y Ca. Chacarilla: 40p + Az
(113.40ml)","Av. República: 1.5(A+R)
Ca. Chacarilla: 7 Pisos","10013-2020
(10/09/2020)",Esparq Inversiones S.A.,27/10/21,Comisión Técnica,Obra en ejecución,"Mario Isaac Saavedra Velazco (MSI) Manuel Antonio Montes de Oca (CAP) Dino Bartolomeo
Chiappe Giacarini (CAP)",346 estac,"• ANTEPROYECTO: Proceso judicial 2020- ACTA (EXP.  5822-2020-0-1801-JR-CA-01)
Actualizado al 02.12.2025:
-27.11.2025: Expediente para sentencia. Se realizó informe oral.

• PROYECTO: proceso judicial 2021- ACTA (EXP.  1325-2021-0-1801-JR-CA-06)
Actualizado al 02.12.2025:
-Con Medida Cautelar (2024) a favor de la MSI (suspende provisionalmente los efectos del Acta de Verificación y Dictamen N°  265-2020 del 26.11.2020).

• MODIFICACIÓN DEL PROYECTO 01: Proceso  Judicial exp. 20298-2025-0-1801-JR-CA-04
Actualizado al 02.12.2025: EN CALIFICACIÓN en juzgdo.

","OBRA EN EJECUCIÓN 
Obra con avance del 41% al 22.11.25
2020: Se continúa con el proceso judicial al acta del anteproyecto y del acta del proyecto.
2024: Se obtiene medida cautelar.
2025: Se remite al MVCS de la modificacion del proyecto.O

• ANTEPROYECTO:
-Aprobado por COMISIÓN TECNICA
-Apelación de ACTA ante la CTP (25.06.2020)
-Se comunicó a GDUE para derivar a PPM (INF. 368-2020-SOPRI del 16.09.2020)

• PROYECTO:
- Aprobado por COMISIÓN TECNICA
-Apelación de ACTA ante la CTP (03.11.2020)
-Se comunicó a GDUE para derivar a PPM (INF. 436-2021-SOPRI del 15.02.2021)
-CAUTELAR a favor de MSI (suspensde efectos del ACTA MML)

• MODIFICACIONES: 
- Aprobado por REVISORES URBANOS
- 02 modificaciones a la Licencia de Edificación (aprobados por Revisores Urbanos).
- Modificacion 01 con Solicitud de pronunciamiento al MVCS (22.07.2025) 
-Con Proceso  Judicial exp. 20298-2025-0-1801-JR-CA-04
-Modificacion 02 entró el 1.12.25 aún en plazo para enviar al MVC",https://drive.google.com/drive/folders/1XPZIfvwjrOjVV9p810vXiD-21VKgQH0E?usp=share_link,9,https://drive.google.com/drive/folders/1XGCjIaNoyHKRa2obfUZyXQ0UeEk2whrA?usp=share_link,
3101007030,3,Av. Gral. Salaverry 2429-2431-2433,28 Pisos,10 Pisos,"7874-2023
(08/06/2023)","Desarrollo Inmobiliario Salaverry 2433 S.R.L
VyV Proyecto 75 SAC",8/06/23,Revisores Urbanos,Obra en ejecución,--,201 estac,"• ANTEPROYECTO 1: (Desarrollo Inmobiliario): Proceso Judicial 2021- ITF (EXP.  5522-2021-0-1801-JR-CA-09)
Actualizado al 11.12.2025:
-27.04.2022: Rs 04, notifíquese los actuados al Demandado (Desarrollo Inmobiliario).
Resolver excepción de falta de legitimidad para obrar.
No hay más actuaciones judiciales.

• ANTEPROYECTO 2 y PROYECTO (VyV Proyecto 75 SAC): Proceso Judicial 2024 - ITF (EXP.  10411-2024-0-1801-JR-CA-12)
Actualizado al 11.12.2025:
-19.11.2025: Rs 06, se corrige domicilio de la demandada Av.General Salaverry 2431, Mz. 53 Lote 03 Urb. Country Club distrito de San Isidro.
REQUERIR a la parte demandante, la MUNICIPALIDAD DISTRITAL DE SAN ISIDRO, que en el plazo de CINCO (05) DÍAS HÁBILES de notificada la presente, cumpla con ADJUNTAR FÍSICAMENTE el Expediente Administrativo N° 7874-2023, en copias legibles y debidamente foliadas en números, haciéndolo ingresar por Mesa de Partes. BAJO APERCIBIMIENTO de RECHAZAR la demanda.
-18.10.2024: la Demanda fue declarada inadmisible , laMSI apeló y la sala resolvió rechazar la sentencia de primera instancia y ordenó emitir nueva resolución.

• MODIFICACIÓN DEL PROYECTO: Sin Proceso Judicial","OBRA EN EJECUCIÓN 
Obra con avance de obra del 65%  al 18.12.25 
2024: Se continua con el proceso judicial al acta del anteproyecto y al ITF del proyecto.
2025: Se remite al MVCS de la modificacion del proyecto.

• ANTEPROYECTO 1: (Desarrollo Inmobiliario)
-Apelaciónl de ACTA ante la CTP (12.04.2021)
-Se comunicó a GDUE para derivar a PPM (INF. 982-2021-SOPRI del 25.06.2021)
-Con proceso Judicial Exp. 5522-2021-O-1801-JR-CA-09
-A la fecha este Anteproyecto se encuentra VENCIDO

• ANTEPROYECTO 2: (VyV Proyecto 75 SAC)
-Solicitud de pronunciamiento al MVCS (22.11.2022)
-Se comunicó a GDUE para derivar a PPM (INF. 078-2024-SOPRI)
-MVCS emitió respuesta negativa (03.04.2024)
-Con Proceso Judicial Exp. 10411-2024-01801-JR-CA-12

• PROYECTO: (VyV Proyecto 75 SAC)
- Solicitud de pronunciamiento al MVCS
-Con Informe de Revisión N° 011-MLAA-SOPRI  16.06.23
-Con Informe de Revision 019-2023-MLAA-SOPRI 09.08.23
-Se comunicó a GDUE para derivar a PPM (INF. 078-2024-SOPRI)
-MVCS emitió respuesta negativa (03.04.2024)
-Con Proceso Judicial Exp. 10411-2024-01801-JR-CA-12


• MODIFICACIONES: (VyV Proyecto 75 SAC)
- 01 modificación a la Licencia de Edificación (aprobados por Revisores Urbanos).
-Con Inf. de Revision N°004-2024-12.2.0 23.05.24
- Solicitud de pronunciamiento al MVCS
-MVCS emitió respuesta (14.02.2025)
-Con Informe tecnico N° D000089-2025-MLAA/SOPRI 31.12.25 a PPM
-Con Informe legal N°D000006-2026ESPH/SOPRI 06.01.26 a PPM
-PENDIENTE rpta de  PPM.",https://drive.google.com/drive/folders/1cRiPkxn9tyl-I6gR6-ofdEmp-14GZUVC?usp=share_link,10,,
3104099013,4,Calle Manuel Roaud Esq. Calle Paz Soldán 360-364-368,10 Pisos,5 Pisos,"3983-2024
(18/03/2024)",Viviendas del Perú S.A.C.,18/03/24,Revisores Urbanos,Obra en ejecución,--,60 estac,"• ANTEPROYECTO: Proceso Judicial 2023-ACTA (EXP.  10411-2024-0-1801-JR-CA-12)
Actualizado al 05.12.2025:
-Rs. 7 DE JULIO DEL 2025 CONSENTIDA RS 05 SE REMITEN AL ARCHIVO LOS ACTUADOS 
-Rs. 05 RECHAZA DDA DE LA MSI /ARCHIVAR ACTUADOS 
-MSI NO INTERPUSO RECURSO IMPUGNATIVO - SE ARCHIVA LA DDA

• PROYECTO: Sin Proceso Judicial

• MODIFICACIÓN DEL PROYECTO: Sin Proceso Judicial","OBRA EN EJECUCIÓN 
Obra con avance de obra del 94.54 % al 18.12.25
2023: Se continua con el proceso judicial al acta del anteproyecto .
2024: Se remitio al MVCS el pronunciamiento por el ITF.

• ANTEPROYECTO:
- Aprobado por COMISIÓN TÉCNICA
-Apelación de ACTA ante la CTP (13.01.2023)
-Se comunicó a GDUE para derivar a PPM (INF.  559-2023-SOPRI)
-Con Proceso Judicial Exp. 10414-2023-0-1801-JR-CA-13

• PROYECTO:
- Aprobado por REVISORES URBANOS
- Solicitud de pronunciamiento al MVCS (19.04.2024)
-MVCS emitió respuesta negativa (31.03.2025)

• MODIFICACIONES: 
- 01 modificación a la Licencia de Edificación (aprobados por Revisores Urbanos).
- Con Inf. de Revisión N° 008-2024-12.2.0-NPV-OPRI-GDUE/MSI 11.12.24
-Con oficio N°D0161-2025-SOPRI-31.12.25",https://drive.google.com/drive/folders/1VXTywvjztcttaQRr_yid3nuUGU-QzdQQ?usp=share_link,11,,
3102039011,5,Av. Javier Prado Oeste N° 430-440-450,17 Pisos,15 Pisos,"3974-2024
(18/03/2024)",Viviendas del Perú S.A.C.,18/03/24,Revisores Urbanos,Obra en ejecución,--,83 estac,"• ANTEPROYECTO: Proceso judicial 2023-ACTA (EXP.  13251-2023-0-1801-JR-CA-13)
Actualizado al 13.01.2025: EN CASACION 
-22.10.2025: Expediente remitido a sala suprema permanente.
-15.09.2025: Rs. 06, se concede recurso de casación  a la sentencia de vista de fecha 05.08.2025 que declaro fundada la excepción de caducidad.
-09.01.2023: Rs. 03,  se admite la demanda.

• PROYECTO: Sin Proceso Judicial","OBRA EN EJECUCIÓN 
Obra con avance del 46.45% al 05.01.23.
2023: Se continua con el proceso judicial al acta del anteproyecto.
2025: Se remitio al MVCS el pronunciamiento por el ITF.

• ANTEPROYECTO:
-Aprobado por COMISIÓN TÉCNICA
-Apelación de ACTA ante CTP (13.01.2023)
-Se comunicó a GDUE para derivar a PPM (INF.  229-2023-SOPRI)
-Con Proceso Judicial  Exp. 13251-2023--1801-JR-CA-13

• PROYECTO:
-Aprobado por REVISORES URBANOS
-Solicitud de pronunciamiento al MVCS (02.05.2024)
-MVCS emitió respuesta negativa (12.02.2025)
-A PPM el INFORME N° D000801-2025-12.2.0-SOPRI-GDUE/MSI (11.11.2025)",https://drive.google.com/drive/folders/105rA04uNA9UJjoIIeKtvjkzvYGnZczKI?usp=share_link,12,,
3109031013,6,"Av. Jose Gálvez Barrenechea N°465, 459, Mz. B16, Lote: 11, Urbanización Corpac",8 Pisos,7 Pisos,"4663-2024
01.04.2024","Desarrolla Consultora Inmobiliaria S.A.C
Conforta Inmobiliaria San Isidro S.A.C.",1/04/24,Revisores Urbanos,Obra en ejecución,--,27 estac,"• ANTEPROYECTO (Desarrolla Consultora Inmobiliaria S.A.C): Proceso judicial 2023-ACTA (EXP.  11311-2023-0-1801-JR-CA-02).
Actualizado al 05.12.2025:
-Xx/xx/xx: MSI absuelve excepción de falta de legitimidad.
-Xx/xx/xx: Se da por contestada la Demanda.
-Xx/xx/xx: Formula de denuncia civil a los miembros de la Comision Distrital.

• PROYECTO: Sin Proceso Judicial


","OBRA EN EJECUCIÓN 
Poyecto con Avance de Obra del 86% al 18.12.25
2023: Se continua con el proceso judicial al acta del anteproyecto.

• ANTEPROYECTO: Desarrolla Consultora Inmobiliaria S.A.C
-Aprobado por COMISIÓN TÉCNICA
-Apelación de ACTA ante CTP (24.07.2023)
-Se derivó a PPM (INF. 703-2023-SOPRI del 10.08.2023)
-Con Proceso Judicial Exp. 03966-2021-1801-JR-CA-07

• PROYECTO: Conforta Inmobiliaria San Isidro S.A.C.
-Aprobado por REVISORES URBANOS
-SOPRI solicita pronunciamiento al MVCS con Of. D0124-2025-SOPRI (01.12.25)

• MODIFICACIONES: Conforta Inmobiliaria San Isidro S.A.C.
- 02 Modificación a la Licencia de Edificación (aprobados por Revisores Urbanos).
- 1era Modificacion al MVCS con OF. D0123-2025-SOPRI (01.12.25)
-2da Modificación a. MVCS con OF. D0125-2025-SOPRI (01.12.25)",https://drive.google.com/drive/folders/12g8oRKNyql4dNbtqH_QSqwSJc8lQlC8T?usp=share_link,13,,
3102035009,7,Ca. Las Palmeras N°285-299 Esq. Av Javier Prado,"Av. J. Prado: 33 pisos
Ca. Las Palmeras: 20 pisos","Av. J. Prado: 15 Pisos
Ca. Las Palmeras:7 Pisos","5491-2024
15.04.2024",Barcelona Real Estate Group S.C.R.LTDA.,15/04/24,Revisores Urbanos,Obra en ejecución,--,183 estac,"• ANTEPROYECTO: Proceso judicial 2023-ACTA (EXP.  5335-2024-0-1801-JR-CA-05)
Actualizado al 05.12.2025: EN CASACIÓN
-16.06.2025: Rs. 05, MSI presenta QUEJA ante la suprema por no aceptarse la CASACIÓN 
-19.05.2025: RS 04. de la 4º Sala: Se declara fundada la excepción de falta de agotamiento de la via administrativa / MSI presenta casacion y se rechaza el Recurso.

• PROYECTO: Sin Proceso Judicial


","OBRA EN EJECUCIÓN 
Obra con avance del 61.5% al 19.12.25.
2024: Se continua con el proceso judicial del ITF del proyecto.

• ANTEPROYECTO:
-Aprobado por REVISORES URBANOS
-Solicitud de pronunciamiento al MVCS /11.07.2023)
-Se comunicó a GDUE para derivar a PPM (INF. 159-2024-SOPRI)
-Con Proceso Judicial Exp. 5335-2024-0-1801-JR-CA-05

• PROYECTO:
-Aprobado por REVISORES URBANOS
-Solicitud de pronunciamiento al MVCS (17.06.2024)
-MVCS emitió respuesta negativa (12.02.2025)
-SOPRI remite a PPM el INFORME 12-2026-SOPRI A PPM (06.01.2026),para las acciones legales.",https://drive.google.com/drive/folders/14NzDVYX1ejpNdK-HkISYKhSmSs9Wl14K?usp=share_link,14,https://drive.google.com/drive/folders/1feuQvUgWYO_mM9OtI4B8OU5VCLGE8zEV?usp=share_link,
3105010006,8,Javier Prado Este 409-413,33 pisos,15 Pisos,"8829-2024
18.06.2024",Adam Real Estate S.A.C.,18/06/24,Revisores Urbanos,Obra en ejecución,--,144 estac,"• ANTEPROYECTO:  Sin Proceso Judicial
• PROYECTO: Sin Proceso Judicial","OBRA EN EJECUCIÓN 
Obra con avance del 61% 30.12.25
2024: Se remitio al MVCS el ronunciamiento por el ITF del proyecto.

• 2 ANTEPROYECTOS:
-Aprobado por REVISORES URBANOS
-NO PRESENTARON PLANOS

• PROYECTO:
-Aprobado por REVISORES URBANOS
-Solicitud de pronunciamiento al MVCS (22.07.2024)
-MVCS emitio respuesta (12.02.2025)
Se envio a PPM con Inf. D1095-2025-SOPRI  (05.01.26)",https://drive.google.com/drive/folders/1hu1YHBWesQclmRwms0XMnalJzq9MS48s?usp=share_link,15,,
3105017006,9,Plaza Padre Constancio Bollar N°205-215,25 Pisos,10 Pisos,"11622-2022
19.09.2024",Limahouse Inmobiliaria S.A.C.,19/09/24,Revisores Urbanos,Obra en ejecución,--,40 estac,"
• PROYECTO: proceso judicial 2024- ITF (EXP.  12485-2024-0-1801-JR-CA-03)
Actulizado al XX/XX/XXXX
-XX7XX/XXXXX: XXXXXX
-XX7XX/XXXXX: XXXXXX","OBRA EN EJECUCIÓN 
Obra con avance del 19%.  12.12.25
2024: Se continua con el proceso judicial al ITF del proyecto.

• PROYECTO:
-Aprobado por REVISORES URBANOS
-Solicitud de pronunciamiento al MVCS (11.10.2022)
-Se comunicó a GDUE para derivar a PPM (INF. 119-2024-SOPRI)

-MVCS emitio respuesta negativa (11.02.2025)
Con Proceso Judicial Exp. 12485-2024-0-1801-JR-CA-03

• MODIFICACION: 
-  Modificacion a la Licencia de Edificación (aprobados por Revisores Urbanos)
-Con Inf. de Revisión N° 011-2024-RMQM-SOPRI  24.07.24. a MVCS
-MVCS emitió Rpta. Negativa 11.02.25
-SOPRI rmite a PPM el INFORME 10-2026-SOPRI A PPM (05.01.2026), para las acciones legales.
",https://drive.google.com/drive/folders/1wdoJ-VMZ0tu7tq9Iu9jVB0J1UzDGDvWT?usp=share_link,16,,
3110040011,10,"Av. Augusto Perez Aranibar 2124,",21 Pisos,7 Pisos,"15822-2023
02.11.2023",Proyecto Valor EI.R.L.,2/11/23,Revisores Urbanos,Obra en ejecución,--,54 estac,"• ANTEPROYECTO: proceso judicial 2023-ACTA (EXP.  10911-2023-0-1801-JR-CA-05)
Actualizado al 12.12.2025:
-13.10.2025: Rs. 13, notifíquese  a la CTP de la MML los actuados (por EDICTO).

• PROYECTO: proceso judicial 2024-ITF (EXP.  11386-2024-0-1801-JR-CA-14)
Actualizado al 12.12.2025:
-28.11.2025: Rs. 05, Se concede la apelación al auto que declaro fundada la excepcion de falta de agotamiento de la via administrativa, elévense los actuados a la sala  para resolver.","OBRA EN EJECUCIÓN 
Obra con avance del 26% aprox.
2023: Se continua con el proceso judicial al acta del anteproyecto. 2024: Se continua con el proceso judicial del ITF del proyecto.

• ANTEPROYECTO:
-Aprobado por COMISION TECNICA
-Apelación de ACTA ante la CTP (13.06.2023)
-Se derivo a PPM (INF. 623-2023-SOPR del 21.07.2023)
Con Proceso Judicial Exp. 10911-2023-0-1801-JR-CA-05 


• PROYECTO:
-Solicitud de pronunciamiento al MVCS (09.11.2023)
-Se comunicó a GDUE para derivar a PPM (INF. 12-2024-SOPRI)
-MVCS emitió respuesta negativa (19.02.2025
-Con Proceso Judicial Exp.11386-2024-0-1801-JR-CA-14

• MODIFICACIONES: 
- 03 Modificaciones a la licencia de edificación (aprobados por Revisores Urbanos).
MODIFICACIÓN 1:
-Informe de Revisión N° 13-2024-RMQ
-SOPRI soiicita al MVCS NULIDAD DE ITF EC2024-5532 (OFICIO 135-2025 del 11.12.2025)
MODIFICACIÓN 2:
-Informe Rev.N° 12-2024-NPV (para actualizar)
MODIFICACIÓN 3:
-Informe Rev. N°0000052-2025-12.2.0-SOPRI-GDUE/MSI 23.12.25
-SOPRI soiicita al MVCS NULIDAD DE ITF EC2025-0024 (OFICIO 150-2025 del 15.09.2025)",https://drive.google.com/drive/folders/12fVIhU4r1bmdl3becFrkfHTT1j_gc8U5?usp=share_link,17,,
3102041012,11,Av. Arenales Esq. Av. Javier Prado Oeste,22 Pisos,12 Pisos,"11253-2024
31.07.2024",Empresa Inmobiliaria Santa María Magdalena S.A.C.,31/07/24,Revisores Urbanos,Obra en ejecución,--,48 estac,"• ANTEPROYECTO: proceso judicial 2024-ITF (EXP.  5721-2024-0-1801-JR-CA-14)
Actualizado al 12.12.2025: 
-XX/XX/XXXX: Sala resolvió vista de la causa para el 15 de enero del 2026.
-XX/XX/XXXX: MSI presenta apelación los autos se elevan a Sala.
-29.04.2025: Rs 05, Juzgado resolvió  declarar fundada la excepción de falta de agotamiento de la vía administrativa, nulo todo lo actuado.

• PROYECTO: Sin proceso judicial","OBRA EN EJECUCIÓN 
Obra con avance de ejecución física del 44%  26.12.25
2024: Se continua con el proceso judicial del ITF del anteproyecto. 2024: Se remitio pronunciamiento al MVCS por el ITF.

• ANTEPROYECTO:
-Aprobado por REVISORES URBANOS-Solicitud de pronunciamiento al MVCS (11.07.2023)
-Se comunicó a GDUE para derivar a PPM (INF. 162-2024-SOPRI)
-MVCS emitió respuesta negativa (30.07.2024)
-SOPRI remite a PPM el INFORME 1066_2025-SOPRI, para las acciones legales (24.12.2025)

• PROYECTO:
-Aprobado por REVISORES URBANOS
-Solicitud de pronunciamiento al mvcs (22.10.2024)
-MVCS emitié respuesta negativa (12.02.2025)
-SOPRI remite a PPM el INFORME 1066_2025-SOPRI, para las acciones legales (24.12.2025)",https://drive.google.com/drive/folders/1x0swt8lYv_TTNNzgx4JgDNkxtNJVfuHh?usp=share_link,18,,
3107038032,12,"Av. Aramburu N° 535, 541, 571",22 Pisos,7 Pisos,"3144-2025
28.02.2025",Escambia Inversiones Inmobiliarias S.A.C.,28/02/25,Revisores Urbanos,Obra en ejecución,--,98 estac,"• ANTEPROYECTO:  Sin Proceso Judicial

• PROYECTO: proceso judicial 2025 -ITF (EXP.  18762-2025-0-1801-JR-CA-11)
Actualizado al 12.12.2025:
Petitorio:Declare la nulidad del Informe Técnico Favorable –Revisores Urbanes IFT E-C-2024-0006100 de fecha 28 de octubre del 2024 que dio lugar a la licencia N° 49-2024-12.2.0-SOPRI-GDUE/MSI. Asimismo, la entidad demandante solicita se ordene la Nulidad del Informe Técnico Favorable – Revisores Urbanos Informe Técnico Favorable ITF N° EC-2023-0003840 con el que se aprobó el anteproyecto de obra nueva en el predio AV. Andrés Aramburu S/N Mz. E4 Lote 10 y 11 Urb. Limatambo San Isidro.
-07.11.2025: Rs 07, se ADMITE la Demanda. 
","OBRA EN EJECUCIÓN 
Obra con avance  del 34%  18.11.25
2025: Se remitio pronunciamiento al MVCS por el ITF.

• ANTEPROYECTO:
-Aprobado por COMISION TECNICA
-Apelacion de ACTA ante la CTP (13.06.2023)
-Con Informe de Revisión N° D000050-12.2.0-SOPRI-GDUE/MSI  23.12.25
-SOPRI solicita al MCVS DEJAR SIN EFECTO el ITF EC 2023-0003840 (OFICIO 151-2025-SOPRI  del 29.12.2025)

• PROYECTO:
-Solicitud de pronunciamiento al MVCS (30.04.2025)
-MVCS emitió respuesta negativa (27.06.2025)
-Se remitió a PPM INF. 582-2025-SOPRI (25.09.2025)
-Con Proceso Judicial Exp. 18762-2025-0-1801-JR-CA-11

• MODIFICACIONES: 
- 01 modificación a la Licencia de Edificación (aprobados por Revisores Urbanos).
- PENDIENTE: informe SOPRI para PPM",https://drive.google.com/drive/folders/1CzJCzRi8gCg_hbkpsf1hIISImWm75c6I?usp=share_link,19,,
3112087002,13,Av. Augusto Pérez Aranibar N°1560- 1562-1564-1566-1570-1572-1574-1578-1580,22 Pisos,7 Pisos,"2025-
0006414
03.06.2025","Paz Centenario 2 SAC
Ernesto Gabriel Durand Paredes - Paz Centenario 2 S.AC
Residencial Altavista Aranibar SAC",3/06/25,Revisores Urbanos,Obra en ejecución,--,112 estac,"• ANTEPROYECTO 1 (PAZ CENTENARIO 2 SAC):  Proceso judicial 2023-ITF (EXP.  10372-2023-0-1801-JR-CA)
Actualizado al 12.12.2025: 
-28.10.2024: Rs. 5, se apersona la MML 
-22.09.2023: Rs. 1, SE ADMITE LA DEMANDA  Municipalidad Metropolitana de Lima y contra la Comisión Técnica de Edificaciones de la Municipalidad Metropolitana de Lima así como contra la inmobiliaria Paz Centenario 2 S.A.C- PETITORIO NULO y SIN EFECTO legal alguno el OFICIO D000054-2023-MML-GDU-SAU-DE, emitida por la Municipalidad Metropolitana de Lima, “que resuelve devolver el expediente consiguiente Nula el Acta de Verificación No 081-2023-A-CTD-04/MSI

• ANTEPROYECTO 2 (ERNESTO GABRIEL DURAND PAREDES - PAZ CENTENARIO 2 S.AC):  Proceso judicial 2024-ITF (EXP.  5232-2024-0-1801-JR-CA-04)
Actualizado al 12.12.2025:
-22-09-2025: Rs. 8,CONSTESTADA LA DDA POR EL SUCESOR PROCESAL DE PAZ 25.06.2024: Rs. 2, Se admite la demanda.
-25.06.2024: Se admite la demanda.

• PROYECTO:  Sin proceso judicial","OBRA EN EJECUCIÓN 
Obra con avance  del 2%. 03.11.25
2024: Se continua con el proceso judicial del ITF del anteproyecto. 

• ANTEPROYECTO 1 (PAZ CENTENARIO 2 SAC):
-Aprobado por COMISIÓN TÉCNICA.
-Apelación de ACTA ante la CTP (13.06.2023)
-Se derivo a PPM (INF.  624-2023-SOPR del 21.07.2023)
Con Proceso Judicial EXP. 10372-2023-0-1801-JR-CA-11

• ANTEPROYECTO 2 (ERNESTO GABRIEL DURAND PAREDES - PAZ CENTENARIO 2 S.AC): 
-Aprobado por REVISORES URBANOS.
-Solicitud de pronunciamiento al MVCS (19.07.2023).
-Se comunicó a GDUE para derivar a PPM (INF. 163-2024-SOPRI).
-MVCS emitió respuesta negativa (23.06.2025).
SOPRI remite a PPM el INFORME 1067-2025, para las acciones legales (26.12.2025).
-Con Proceso Judicial Exp. 5232-2024-0-1801-JR-CA-04


• PROYECTO:
-Aprobado por REVISORES URBANOS
-SOPRI solicita pronunciamiento al MVCS Of. D122-2025-SOPRI  01.12.25 ",https://drive.google.com/drive/folders/1YhlV059tHnbJt9mhFYEAXGYvBuWc8Txn?usp=share_link,20,,
3105010004,14,Av. Javier Prado Este N° 455-457,22 Pisos,22,"2025-
0003811
20.05.2025","Proyecto Cantabria 07 S.A.C.
Veramar Azul Peru SAC",20/05/25,Revisores Urbanos,Obra en ejecución,--,85 estac,"• ANTEPROYECTO 1 (PROYECTO CANTABRIA 07 S.A.C.): Proceso judicial 2024-ITF (EXP.  6186-2023-0-1801-JR-CA-14)
Actualizado al 12.12.2025: EN TRÁMITE
-26.11.2025: Rs 08, Se declara INFUNDADA la excepción de falta de legitimidad para obrar  presentada por la MML 

• ANTEPROYECTO 2 (PROYECTO CANTABRIA 07 S.A.C.): Proceso judicial 2024-ITF (EXP.  7466-2024-0-1801-JR-CA-02)
Actualizado al 12.12.2025: EN TRAMITE A LA ESPERA DE NUEVO PRONUNCIAMIENTO DEL JUZGADO
-28.10.2024: Rs. 4, Declara NULA la Resolución N° 01 de fecha 28 de agosto de 2024 (fojas 169 a 171 que resolvió declarar IMPROCEDENTE la demanda, debiendo la jueza de primera instancia emitir un nuevo pronunciamiento, teniendo en cuenta las consideraciones expuestas en la presente resolución.
-25.10.2024: Rs. 1, declara IMPROCEDENTE la demanda porque lo impugnado no es un acto administrativo, por tanto, consentida sea la presente resolución, REMÍTASE los autos al ARCHIVO DEFINITIVO

• PROYECTO:  Sin proceso judicial","OBRA EN EJECUCIÓN 
Obra con avance  del 1.5%. 28.11.25
2024: Se continua con el proceso judicial del ITF del anteproyecto. 
2025: Se remitio pronunciamiento al MVCS por el ITF.

• ANTEPROYECTO 1 (PROYECTO CANTABRIA 07 S.A.C.): 
-Aprobado por COMISIÓN TÉCNICA
-Apelación de ACTA ante la CTP (09.02.2023)
-Se comunicó a GDUE para derivar a PPM (INF. 228-2023-SOPRI del 24.03.2023)
-Con Proceso Judicial Exp. 6186-2023-0-1801-JR-CA-14

• ANTEPROYECTO 2 (PROYECTO CANTABRIA 07 S.A.C.):
-Aprobado por REVISORES URBANOS
-Solicitud de pronunciamiento al MVCS (26.12.2022)
-Se comunicó a GDUE para derivar a PPM (INF. 155-2024-SOPRI)
-MVCS emitió respuesta negativa (16.08.2024)
- SOPRI remite a PPM el INFORME N° D000795-2025-12.2.0-SOPRI-GDUE/MSI (11.11.2025) para actualizar información.
-Con Proceso Judicial Exp. 7466-2024-0-1801-JR-CA-02

• PROYECTO:
-Aprobado por REVISORES URBANOS
-MVCS emitió respuesta negativa con OFICIO 059-202-VIVIENDA-DGPRVU-DV-RU (04.12.2025)
-SOPRI remite actudos a PPM para las acciones legales (INFORME 967-2025 del 03.12.2025, INFORME 1024-2025 del 16.12.2025, INFORME 1070-2025 del 26.12.2025)",https://drive.google.com/drive/folders/1f3b9lRJp97ayIwaXMTTrtwvXJBlpoiuq?usp=share_link,21,,
3101002001,15,Av. Salaverry Esq. Ca.Marconi,28 pisos,"AV.: 10 Pisos
CA.: 4 Pisos","9782-2024
03.07.2024","Luis Nita Caceres
Edificio Marconi Salaverry 2205 SAC",3/07/24,Revisores Urbanos,Obra en ejecución,--,131 estac,"• ANTEPROYECTO (Luis Nita Caceres): proceso judicial 2024- ITF (EXP.  5235-2024-0-1801-JR-CA-14)
Actualizado al 12.12.2025:
-10.12.2025: Rs 3, MEDIDA CAUTELAR, LA SALA “CONFIRMAR la Resolución N° UNO de fecha 05 de mayo de 20251 que declara improcedente el pedido de la medida cautelar solicitado por la Municipalidad Distrital de San Isidro.” ARCHIVESE LOS ACTUADOS
-18.11.2025: MSI impulso procesal ELEVENSE LOS ACTUADOS A LA SALA 
-18.06.2025: Rs.6, CONCÉDASE APELACIÓN CON EFECTO SUSPENSIVO contra auto contenido en la Resolución N° 05 del 29.04.2025 que resuelve Declarar FUNDADA LA EXCEPCION DE FALTA DE AGOTAMIENTO DE LA VIA ADMINISTRATIVA; en consecuencia, NULO TODO LO ACTUADO Y CONCLUIDO EL PROCESO

• PROYECTO (Edificio Marconi Salaverry 2205 SAC): proceso judicial ( EXP.  19851-2025-0-1801-JR-CA-12)
Actualizado al XX/XX/XXXX
-XX/XX/XXXX: XXXXXXXXXX
-XX/XX/XXXX: XXXXXXXXXX","OBRA EN EJECUCIÓN
Obra con avance de ejecución física del 1.7%% aprox. 30.12.25
2024: Se continua con el proceso judicial del ITF del anteproyecto. 
2024: Se remitio pronunciamiento al MVCS por el ITF.

• ANTEPROYECTO (Luis Nita Caceres):
-Aprobado por REVISORES URBANOS
-Solicitud de pronunciamiento al MVCS (11.08.2023)
-Se comunicó a GDUE para derivar a PPM (INF. 164-2024-SOPRI)
-MVCS emitió respuesta negativa (28.03.2025)
-Con proceso Judicial Exp. 5235-2024-0-1801-JR-CA-14

• PROYECTO (Edificio Marconi Salaverry 2205 SAC):
-Solicitud de pronunciamiento al MVCS (08.11.2024)
-MVCS emitió respuesta negativa (28.03.2025)
-Se derivó a PPM con INF. N° D000546-2025-SOPR 16.09.2025
-Con Proceso Judicial Exp. 19851-2025-0-1801-JR-CA-12

• MODIFICACIONES: 
- 01 modificación a la Licencia de Edificación deestructuras: Modificación de Muros Anclados (aprobados por Revisores Urbanos).
-Ingreso 13.10.25
- PENDIENTE: Solicitud de pronunciamiento al MVCS",https://drive.google.com/drive/folders/1BGGW4Zj6gXTnrAUhJ2yNqJ_TaKw6914v?usp=share_link,22,https://drive.google.com/drive/folders/1K46DqYUxgfKSFWRErvFclrtOtGeBOzX3?usp=share_link,
3104005008,16,Av. Jorge Basadre Grohmann S/N esq.Ca. Manuel Bañon S/ N,15 Pisos,7 Pisos,"13649-2022
27.10.2022",Grupo Iberoamérica,27/10/22,Revisores Urbanos,Sin inicio de obra,--,33 estac,"•PROYECTO y MODIFICACION 1: proceso judicial 2024- ITF (EXP.  407-2024-0-1801-JR-CA-07)
Actualizado al 10.12.2025:
-10.12.2025: Juzgado provee escritos de iberoamerica sobre sucesión procesal y apelación, corre traslado a  la MSI.
-05.11.2024: Rs. 05 demanda ADMITIDA:
*Pretensión princial: se declare la nulidad del Informe técnico legal 072-2023-VIVIENDA- VMVU-DGPRVU-DV-JJLL-KCG notificado mediante Oficio 635-2023-VIVIENDA VMVU DGPRVU del 18.10.2023. 
*Pretensión accesoria: se declare la nuludad del ITF N° ITF-E-C-2022-2084 de fecha 03 de agosto del 2022.

MEDIDA CAUTELAR
-SUSPENDE LOS EFECTOS EJECUTIVOS Y/O EJECUTARIOS del ITF EC 2022-0002084 del 03.08.2022 y del Informe Técnico Favorable ITF 2023-0003096 del 06 de febrero del 2023.

-SOPRI con MM D000296-2025.12.0.0-GDUE/MSI solicita opinión legal a PPM y GAJ sobre los efectos de la medida cuatelar.
-10.12.2025: PPM: responde que la PPM es órgano de defensa de la Institución y no es órgano consultivo (MM D001534-2025-07.0.0PPM/MSI).
-20.11.2025: GAJ: responde ""a este Despacho no le corresponde realizar una interpretación extensiva de los alcances de la medida cautelar que no estén explicitamente contemplados en la resolución judicial que la concede (MMultiple 39-2025-04.0.0-GAJ /MSI).","SIN INICIO DE OBRA
2024: Se continua con el proceso judicial al ITF del anteproyecto.
2024: Se continua con el proceso judicial al ITF del proyecto.
*Se obtuvo medida cautelar a favor de la MSI.

• PROYECTO:
-Aprobado por REVISORES URBANOS
-Solicitud de pronunciamiento al MVCS (22.11.2022)
-Se comunicó a GDUE para derivar a PPM (INF. 975-2023-SOPRI)
-MVCS emitió respuesta negativa (18.10.2023) y se envio a PPM
-Con Proceso Judicial Exp. 407-2024-0-1801-JR-CA-07 por la licencia de edificacion y por la 1era modificación
-Medida Cautelar a favor de la MSI (Suspender efectos del ITF)

• MODIFICACIONES: 
- 2da modificacion a la Licencia de Edificación (aprobadoa por  REVISORES URBANOS).
-Se remitió Inf. D00945-2025-SOPRI a PPM 01.12.2025
-3ra modificación con Of. D160-2025-SOPRI-dejar sin efecto ITF-31.12.25",https://drive.google.com/drive/folders/1Z1rS6JtkBTgzktNjcsMH_suCw4zJzCf0?usp=share_link,25,https://drive.google.com/drive/folders/1667vBuQf7x8n9x-HGVFxPDNBgha1KMvQ?usp=share_link,
3109017017,1,Calle 6 N° 285 Urb. Corpac,8 Pisos,5 Pisos,"3380-2021
18.03.2021",Eleva Perú S.A.C.,13/07/21,Comisión Técnica,Sin inicio de obra,"•César David Morales Palomino (MSI)
 
•Nelson Germán Cabrera Novoa (CAP)

•Fernando Gilberto
Idrogo Campos (CAP)",41 estac,"• ANTEPROYECTO: proceso judicial 2021- ACTA (EXP.  925-2021-0-1801-JR-CA-08)
Actualizado al 12.12.2025:
-31.10.2025: Rs 30, Expediente para sentenciar.
","SIN INICIO DE OBRA
•2025: Se continua con el proceso judicial al ACTA del anteproyecto.
• ANTEPROYECTO:
- Aprobado por COMISIÓN TECNICA
-Apelación de ACTA ante la CTP (02.11.2020)
-Se comunicó a GDUE para derivar a PPM (INF. 139-2021-SOPRI del 22.01.2021)
-Con Proceso Judicial Exp. 925-2021-0-1801-JR-CA-08 

• PROYECTO:
- Aprobado Por COMISIÓN TECNICA
PENDIENTE: informe SOPRI para PPM.

• MODIFICACIONES: 
- 01 modificación a la Licencia de Edificación (aprobados por COMISIÓN TÉCNICA).
- Se envio  solicitud de nulidad a MML el 24.12.25
-Acta de Verificación y Dictamen N° 513-2025 del 30.12.25 emitida por CTP-Sesion N° 108-2025
-Con Inf. Legal D000005-2026-RBTM/SOPRI, pasa a Arq. verificadora para hacer Informe Tecbico",https://drive.google.com/drive/folders/10RWSwmKfjgK9hqyggqExSFBqO0dBtCeL?usp=share_link,23,https://drive.google.com/drive/folders/1fyhf7qOoIhsXb0pTfQAChHCOACZwOi6b?usp=share_link,
3103037029,2,Av. Santo Toribio 435,15 Pisos,7 Pisos,"14544-2021
02.12.2021",Barlovento Inmobiliarios S.A.C.,2/12/21,Revisores Urbanos,Sin inicio de obra,--,97 estac,"• ANTEPROYECTO: proceso judicial 2021-ACTA (EXP.  4013-2021-0-1801-JR-CA-01)
Actualizado al 17.12.2025: Medida cautelar a favor de la MSI (SUSPENDE EFECTOS DE ACTA DE MML Y MSI)
-02.10.2024: Rs 1, resuelve la anotación de la demanda en la partida registral y cursese el oficio a la SUNARP. 
-15.04.2024: Rs.13, declara FUNDADA la demanda, en consecuencia NULA el Acta 035-2021 del 26.02.2021 (CTP), debiendo retrotraerse el procedimiento para emitir nuevo pronunciamiento sobre la nulidad planteada por la Comisión Técnica Distrital (MSI).
-04.11.2025: CONFIRMARON el Auto contenido en la Resolución N° 05 de fecha 15.05. 2025, que declara IMPROCEDENTE lo solicitado por la MSI para que se anote la demanda en la Partida N° 14740593 del Registro de Predios.
-26.11.2025 : MSI presentá apelación a la Rs 3 en el extremo que declara FUNDADA LA OPOSICION presentada por Barlovento.

-Mediante Memorando N° D001405-2025 -PPM /MSI PPM hace de conocimiento:
* Rs 03 de la MC innovativa  que declaró INFUNDADA la oposición formulada por BARLOVENTO, concluyendo que se mantiene vigente la medida cautelar, siendo que los efectos que haya generado el Acta de Verificación y Dictamen - Edificacipon N° 035-2021A-CTP 03MSDI se encuentras suspendidos.
*Que se declaró fundada la oposición presentada por BARLOVENTO respecto a que se suspendan los efectos jurídicos que pudieran generar el Acta de Verificación y Dictamen - Edificación N° 076-2020-A-CTD-03/MSI, sobre este punto señalan que este extremo será materia de apelación.

• PROYECTO: proceso judicial 2024-ITF (EXP.  7378-2024-0-1801-JR-CA-12)
Actualizado al 12.12.2025:
-XX/XX/XXXX: Nulidad de la Rs 08 que declaró adminita la demanda.

• MODIFICACIÓN DEL PROYECTO: proceso judicial 2024-ITF (EXP 9821-2024-01801-JR-DC-01)
-XX/XX/XXXX: Rs. 5, Se declara nula la sentencia que declaró fundado el amparo.","SIN INICIO DE OBRA
•2025: Se continua con el proceso judicial al ACTA del anteproyecto .
Se obtuvo medida cautelar a favor de la MSI.
•2024: Se continua con el proceso judicial al ITF del proyecto.

• ANTEPROYECTO:
-Aprobado por COMISIÓN TECNICA
-Apelación de ACTA ante la CTP (17.12.2020)
-Se comunicó a GDUE para derivar a PPM (INF. 878-2021-SOPRI del 21.05.2021) 
-Con Proceso Judicial Exp. 4013-2021-0-1801-JR-CA-01

• PROYECTO Y MODIFICACIÓN:
-Aprobado por REVISORES URBANOS 
-Solicitud de pronunciamiento al MVCS
-Se comunicó a GDUE para derivar a PPM (INF. 017-2024-SOPRI)
-MVCS emitio respuesta(14.02.2025)
-Con Proceso Judicial Exp.7378-2024-0-1801-JR-CA-12
-Accion de Amparo de la Empresa Exp. 9821-2024-01801-JR-DC-01
-Con Res 05 se declara nula la sentencia que declaró Fundado el Amparo
",https://drive.google.com/drive/folders/15uP5c4gx11EyhvWtborQOA9RG72D0AiX?usp=share_link,24,https://drive.google.com/drive/folders/1FUB8Jz7x4vsicF4OtBYm82QqLoZu4f-9?usp=share_link,
3104013004,3,Av. Camino Real N°295,8 Pisos,4 Pisos,"2041-2023
09.02.2023",Redbay del Perú,9/02/23,Revisores Urbanos,Sin inicio de obra,--,60 estac,"• ANTEPROYECTO y PROYECTO: proceso judicial 2024-ITF (EXP.  2458-2024-0-1801-JR-CA-02)
Actualizado al 12.12.2025:
-21.11.2025: MSI precisa información. 
-20.10.2025: MSI solicita se notifique la demanda y anexos 
-06.05.2025: Rs 02, se admite la Demanda.","SIN INICIO DE OBRA
2024: Se continua con el proceso judicial al ITF del anteproyecto.
2024: Se continua con el proceso judicial al ITF del proyecto.
09.01.2026 ingreso Anexo ""H"" de Inicio de Obra

• ANTEPROYECTO:
-Aprobado por REVISORES URBANOS
-Solicitud de pronunciamiento al MVCS (09.05.2023)
-Se comunicó a GDUE para derivar a PPM (INF. 120-2024-SOPRI)
-MVCS emitió respuesta negativa (27.02.2025)
-Con Proceso JudicialExp. 2458-2024-0-1801-JR-CA-02
-Informe a PPM D0934-2025-SOPRI-28.11.25 actualizando información

• PROYECTO:
-Aprobado por REVISORES URBANOS
-Solicitud de pronunciamiento al MVCS (09.05.2023)
-Se comunicó a GDUE para derivar a PPM (INF. 120-2024-SOPRI)
-MVCS emitió respuesta negativa (27.02.2025)
-Se envio Inf. a PPM D0934-2025-SOPRI (28.11.25)
-Se requirio a PPM estado del trámitecon INF. D00184-2025 (30.12.25)",https://drive.google.com/drive/folders/10TM6j2_ee5NGbxrVcCCAwPVmPNyvHj_s?usp=share_link,26,https://drive.google.com/drive/folders/1gih8HfR35xrpeCq46u6QpG9pMbq4xcAa?usp=share_link,
3108058013,4,Av. Pablo Carriquirry S/N Mz E2 Lote 10,8 Pisos,7 Pisos,"9179-2024
24.06.2024",Constructora e Inmobiliaria Grupo Sarmiento,24/06/24,Revisores Urbanos,Sin inicio de obra,--,20 estac,"• ANTEPROYECTO: proceso judicial 2023-ACTA (EXP.  11339-2023-0-1801-JR-CA-11)
Actualizado al 12.12.2025: CAUTELAR A FAVOR DE LA MSI (ANOTACION DE DEMANDA EN RRPP).
CON RESOLUCION EJECUTORIADA/ RESUELTO EN 2DA INSTANCIA
-14.11.2025 MML presenta apelación a la Rs 5 que declara INFUNDADA LA OPOSICION A LA MC DE ANOTACION DE Demanda se ventila el proceso en la 3era Sala.
-05.06.2025: RS. 02 se concede la Medida Cautelar de anotación de demanda a favor de la MSI (Informe D000940-2025.12.2.0.SOPRI-GDUE/MSI) en la partida registral PE 47522943, al 17.12.2025: Figura el Oficio OFICIO N° -11339-2023-47-11° JECA-CSJL-PJ de fecha 07.11.2025 PROCEDA la entidad SUNARP efectuar la ANOTACIÓN DE LA DEMANDA en la Partida Electrónica N° 47522943 del REGISTRO DE LA PROPIEDAD INMUEBLE DE LIMA (…); en ese orden CUMPLA la entidad SUNARP con INFORMAR a este Despacho Judicial, respecto de la Anotación ordenada, dentro de los 10 dias de oficiado.

En el proceso principal 11339-2023-0-1801-JR-CA-11, a través de la Resolución N° Nueve, se ha emitido sentencia, declarando fundada en parte la demanda; la misma que se ha confirmado mediante la Sentencia de Vista, contenida en la Resolución N° Cuatro de fecha veintiocho de octubre de dos mil veinticinco, en consecuencia, se declaró la nulidad del Oficio N°D000071-2023-MML-GDU-SAU- DE emitido por la MML , y se ordenó RETROTRAER el procedimiento a efectos de que la demandada (MML) admita el recurso de apelación administrativo, y resuelva los cuestionamientos de fondo formulados por la parte de la Presidenta de la Comisión Técnica Distrital de la Municipalidad de San Isidro; declarando IMPROCEDENTE el extremo de la pretensión en la que se solicita que la nulidad el Acta de verificación y Dictamen – Edificación N°098-2023-A-CTD/MSI de fecha 03 de julio de 2023.

• PROYECTO: Sin proceso judicial","SIN INICIO DE OBRA
2023: Se continua con el proceso judicial del ITF del proyecto.
2024: Se remitio al MVCS el pronunciamiento por el ITF.

• ANTEPROYECTO:
-Aprobado por COMISION TECNICA
-Apelación de ACTA ante la CTP (21.07.2023)
-Se derivo a PPM (INF. 704-2023-SOPRI del 10.08.2023)
-Con Proceso Judicial Exp. 11339-2023-0-1801-JR-CA-11
-Cautelar a favor de MSI (Anotación de demanda en RRPP)
-Con Rs 09 se emitio sentencia declarando fundada en parte la demanda (ver seccion judicial de este cuadro)


• PROYECTO:
-Solicitud de pronunciamiento al mvcs (16.09.2024)
-MVCS emitio rpta negativa(11.10.2024)
-SOPRI remitió a PPM el INFORME N°D000790-2025-12.2.0-SOPRI-GDUE/MSI (10.11.2025)
-SOPRI remitió a PPM el INFORME N° 1084-2025-SOPRI, solictando información de la acciones legales (30.12.2025) ",https://drive.google.com/drive/folders/1B4hvLGPoUkgi_wy7Fr49Da2VBvUiBqvn?usp=share_link,27,https://drive.google.com/drive/folders/1LI-VuAOoiupm499GWr_7m0bsonvSjq2z?usp=share_link,
3101007001,5,"Av. Gral. Salaverry N°2405, esq. Ca.Burgos N° 595",27 pisos,"AV.: 10 Pisos
CA.: 4 Pisos","18810-2024
17.12 .2024",Grupo Debh S.A.C.,5/03/25,Comisión Técnica,Anteproyecto,"•Silvia Liliana Olavarría Fleming (MSI)

•Luis Alberto Martín Silva San Román (CAP)

•Rosanna Lourdes Chavez Haro (CAP)",138 estac,fdafsfdfff,"SIN INICIO DE OBRA
2023: Se continúa con el proceso judicial al ACTA del anteproyecto.
2024: Se continúa con el proceso judicial al ACTA del proyecto.

• ANTEPROYECTO:
-Aprobado por COMISION TECNICA
-Apelación de acta ante la CTP (21.07.2023)
-Se derivo a PPM (INF. 704-2023-SOPRI del 10.08.2023) 
-Con Proceso Judicial Exp.11332-2023-0-1801-JR-CA-17

• PROYECTO:
-Pedido de nulidad del acta ante la CTP (09.07.2025)
-Enviado a GDUE para derivar a PPM (INF. 340-2025-SOPRI del 07.08.2025)
-Con Proceso Judicial Exp. 15783-2025-0-1801-JR-CA-03
-SOPRI eleva Informe a GDUE para impulsar la Nulidad de Licencia (17.12.2025)
-Gerencia Municipal designa a Funcionario de la MSI, para dar trámite a la Nulidad de Licencia (31.12.2025)
-MSI comunica al amdinistrado el inicio del proceso de nulidad a la Licencia (12.01.26)
-Grupo DEBH, comunica a la MSI, la Resolución 05 del 31.12.2025 del 1º Juzgado Constitucional de Lima, que resuelve en DECLARAR FUNDADA EN PARTE la DEMANDA DE ACCIÓN DE AMPARO contra la MSI, ordenando a la MSI abstenerse de cualquier acción contra el Anteproyecto y Licencia de edificación. (12.12.2026)",https://drive.google.com/drive/folders/1Q4jHMzs83BPuh9Mg2sBEZoOxINezsB5Y?usp=share_link,28,https://drive.google.com/drive/folders/1dqldPmanRTheyJvl4jo6Ij2lPZrEMZ4P?usp=share_link,
3101024005,1,AV. FAUSTINO SANCHEZ CARRION N 215-225,22 Pisos,7 Pisos,"Solicitud 27466/2022 
(11/11/2022)","MARIO LIENDO SEMINARIO
(PAZ CENTENARIO 2 SAC",,Revisores Urbanos,Anteproyecto,,,• ANTEPROYECTO: Sin proceso judicial,,,,,
3107036015,2,AV. ANDRES ARAMBURU 155 ESQ. CA. MANUEL GONZALES OLAECHEA ,22 Pisos,"AV: 7 Pisos
CA: 4 Pisos","Solicitud  6187/2023 
(8/02/2023)
",V Y V PROYECTO 73 SAC,,Revisores Urbanos,Anteproyecto,,,"• ANTEPROYECTO: Con proceso judicial (EXP.  3844-2024-0-1801-JR-CA-08)
Actualizado al 12.12.2025: APELACIÓN ante la 4º Sala 
PETITORIO DE LA DEMANDA: Se declare la Nulidad y de deje sin efecto legal el Informe Técnico Favorable – Revisores Urbanos I1F E-C-2022-002990 del 21.01.2023- DEMANDA IMPROCENTE POR CUANDO EL ITF NO ES UN ACTO ADMINISTRATIVO.
-13.11.2025: SOBRECARTESE la notificaciones de la apelación  a V&v  73 sac y al MVCS
-23.05.2025: MSI APELA, SE CONCEDE LA APELACIÓN que se interpone, CON EFECTO SUSPENSIVO contra la Resolución NºUno de fecha 30.04.2024 que declaró IMPROCEDENTE LA DEMANDA.
","• ANTEPROYECTO:
-Aprobado por REVISORES URBANOS.
-Solicitud de pronunciamiento al MVCS
-Se comunicó a GDUE para derivar a PPM (INF. 156-2024-SOPRI)
-Con proceso Judicial Exp. 3844-2024-0-1801-JR-CA-08",,,,
3111006021,3,"AV. AUGUSTO PEREZ ARANIBAR 1925-1933, MZ 2 Lote 03,04 - URB. ORRANTIA DEL MAR ", 21 Pisos,7 Pisos,"2432/2023
(17/02/2023)",INVERSIONES INMOBILIARIAS DEL PERU SAC ,,Comisión Técnica,Anteproyecto,,,"• ANTEPROYECTO: Con proceso judicial (EXP.  10904-2023-0-1801-JR-CA-10)
Actualizado al 15.12.2025: EN TRÁMITE.
-12.12.2025: se hace pedido sobrecartese la notificación a la CTP.","• ANTEPROYECTO 
- Aprobado Por COMISIÓN TÉCNICA
-Apelación de ACTA ante la CTP. 
-Se derivó a PPM (INF. 626-2023-SOPRI)
-Con Proceso Judicial Exp. 10904-2023-0-1801-JR-CA-10",,,,
3105089012,4,AV. REPÚBLICA DE COLOMBIA N° 457,10 Pisos,7 Pisos,"2639/2023
(22/02/2023)",TERESA BEATRIZ FU LLAMPASI,,Comisión Técnica,Anteproyecto,,,"• ANTEPROYECTO: Con proceso judicial (EXP.  10906-2023-0-1801-JR-CA-02)
Actualizado al 12.12.2025: EN TRÁMITE 
-26.06.2025: RS 4, XXXXXXX
-XX/XX/XXXX: RS 5, Resuelve: Notificar auto admisorio a los demandados.","• ANTEPROYECTO:
- Aprobado Por COMISIÓN TÉCNICA
-Apelación de ACTA ante la CTP. 
-Se derivó a PPM (INF. 691-2023-SOPRI)
-Con Proceso Judicial Exp. 10906-2023-0-1801-JR-CA-02",,,,
3107036016,5,AV. ANDRES ARAMBURÚ N° 455,22 Pisos,"7 Pisos
4 Pisos","4868/2023
(10/04/2023)",TUCAN PEZET S.R.L.,,Comisión Técnica,Anteproyecto,,,"• ANTEPROYECTO: Con proceso judicial (EXP.  13258-2023-0-1801-JR-CA-17)
Actualizado al 15.12.2025: EN TRAMITE 
-23.01.2025: Informe oral  (última actuación)","• ANTEPROYECTO:
- Aprobado por COMISIÓN TÉCNICA
-Apelación de ACTA ante la CTP. 
-Se derivó a PPM (INF. 848-2023-SOPRI)
-Con Proceso Judicial Exp. 13258-2023-0-1801-JR-CA-08",,,,
3101005026,6,AV. SALAVERRY 2363  / CA. ROMA 250-254-256-260-264-268,"10 Pisos
4 Pisos",26 Pisos,"Solicitud 19185-2023
(03.05.2023)",CARLOS MANUEL SALINAS DAGNINO,,Revisores Urbanos,Anteproyecto,,,"• ANTEPROYECTO 1: Con proceso judicial (EXP.  7468-2024-0-1801-JR-CA-08)
Actualizado al 15.12.2025: EN TRAMITE
-15.05.2025: MSI absuelve traslado de excepciones (última actuación).

• ANTEPROYECTO 2: Con proceso judicial (EXP.  7469-2024-0-1801-JR-CA-15)
Actualizado al 15.12.2025: EN CASACION 
-06.03.2025: MSI interpone recurso de casación contra la Sentenciade Vista contenida en la Rs. 3, del 27.11.2024, que resuelve: CONFIRMAR la RESOLUCIÓN N.º 01 de fecha 27.062024, en el extremo que declaró Improcedente la demanda.","• ANTEPROYECTO 1: 
- Aprobado por REVISORES URBANOS
-Solicitud de pronunciamiento al MVCS
-Se comunicó a GDUE para derivar a PPM (INF. 157-2024-SOPRI)
-Con Proceso Judicial Exp. 7468-2024-0-1801-JR-CA-08

• ANTEPROYECTO 2:
- Aprobado por REVISORES URBANOS
-Solicitud de pronunciamiento al MVCS
-Se comunicó a GDUE para derivar a PPM (INF. 158-2024-SOPRI)
Con Proceso Judicial Exp. 7469-2024-0-1801-JR-CA-15
",,,,
3109007011,7,CA. CARLOS E FERREYROS N° 172,4 Pisos,4 Pisos,"8332/2023
(16/06/2023)",JULIO ANTONIO ANTENCIO CRUZ,,Comisión Técnica,Anteproyecto,,,"• ANTEPROYECTO: Con proceso judicial (EXP.  11321-2023-0-1801-JR-CA-07)
Actualizado al 15.12.2025: EN CASACION 
-Xx/xx/XXXX: MML Interpone CASACION contra Rs. que  declara fundada la DEMANDA","• ANTEPROYECTO:
- Aprobado por REVISORES URBANOS
-Solicitud de pronunciamiento al MVCS
-Se comunicó a GDUE para derivar a PPM (INF. 157-2024-SOPRI)
Con Proceso Judicial Exp. 11321-2023-0-1801-JR-CA-07
Sentencia favorable Primera instancia -Res. 08 (12.04.2025)
",,,,
3104009006,8,CA. SANTA LUISA N°185 ,NO INDICA (SOLO PRESENTO FUE),NO INDICA (SOLO PRESENTO FUE),"Solicitud 43324-2023
(26/09/2023)",ENRIQUE ESCARDO DE LA FUENTE ,,Revisores Urbanos,Anteproyecto,,,• ANTEPROYECTO: Sin proceso judicial,"• ANTEPROYECTO:
- Aprobado por REVISORES URBANOS
Se envió Carta D002805-2025-SOPRI (Se da por no presentado)",,,,
3106017011,9,AV. AREQUIPA ESQ. CA. LA FLORIDA,8 PISOS/6 PISOS,22 PISOS,"Solicitud  50133-2023
(06/11/2023)",CENTRAL INMOBILIARIA PERU SAC,,Revisores Urbanos,Anteproyecto,,,• ANTEPROYECTO: Sin proceso judicial,"• ANTEPROYECTO:
- Aprobado por REVISORES URBANOS
-Solicitud de pronunciamiento al MVCS (11.11.2025)
con Of. D0096-2025-SOPRI
A PPM con Inf. D0022-2026-SOPRI (07.01.2026)",,,,
,,,,,,,,,,,,,,,,,
,,,,,,,,,,,,,,,,,
,,,,,,,,,,,,,,,,,
,,,,,,,,,,,,,,,,,
CLAVE: GDUEVIS,,Anteproyecto,,,,10,,,,,,,,,,,
,,Obra en ejecución,,,,15,,,,,,,,,,,
,,Sin inicio de obra,,,,5,,,,,,,,,,,
,,Obra finalizada,,,,7,,,,,,,,,,,
,,,,,,37,,,,,,,,,,,